action,domain,unicode_domain,service,category,description,source,added
block,300624.com,300624.com,FamiSafe,parental-control,,,
block,5rw61tcrl5.execute-api.us-west-2.amazonaws.com,5rw61tcrl5.execute-api.us-west-2.amazonaws.com,Lightspeed Systems,filtering,Known patched/failsafe behavior; see README.,,
block,a-fallback-lightspeed.ably.io,a-fallback-lightspeed.ably.io,Lightspeed Systems,filtering,Known patched/failsafe behavior; see README.,,
block,accountable2you-android.firebaseio.com,accountable2you-android.firebaseio.com,Accountable2You,parental-control,,,
block,accountable2you.com,accountable2you.com,Accountable2You,parental-control,,,
block,amplifiedit.com,amplifiedit.com,Gopher,device-management,,,
block,apisanta.com,apisanta.com,Deledao,filtering,,,
block,aristotlek12.com,aristotlek12.com,AristotleK12,monitoring,,,
block,ativion.com,ativion.com,Ativion Software,monitoring,,,
block,ativionnx.com,ativionnx.com,Ativion Software,monitoring,,,
block,b-fallback-lightspeed.ably.io,b-fallback-lightspeed.ably.io,Lightspeed Systems,filtering,Known patched/failsafe behavior; see README.,,
block,b16rt683ll.execute-api.us-west-2.amazonaws.com,b16rt683ll.execute-api.us-west-2.amazonaws.com,Lightspeed Systems,filtering,Known patched/failsafe behavior; see README.,,
block,bark.app,bark.app,Bark,monitoring,,,
block,bark.us,bark.us,Bark,monitoring,,,
block,barkforschools.com,barkforschools.com,Bark,monitoring,,,
block,beacon-report-uploads-prod.s3.us-west-2.amazonaws.com,beacon-report-uploads-prod.s3.us-west-2.amazonaws.com,GoGuardian,monitoring,Known patched/failsafe behavior; see README.,,
block,block.si,block.si,Blocksi,filtering,,,
block,block.tools,block.tools,Linewize / Qoria / FamilyZone / Sphirewall,filtering,,,
block,blocksi-dns.appspot.com,blocksi-dns.appspot.com,Blocksi,filtering,,,
block,blocksi.net,blocksi.net,Blocksi,filtering,,,
block,blocksicloud.com,blocksicloud.com,Blocksi,filtering,,,
block,blocksicloud.net,blocksicloud.net,Blocksi,filtering,,,
block,brm-v3.appspot.com,brm-v3.appspot.com,Blocksi,filtering,,,
block,c-fallback-lightspeed.ably.io,c-fallback-lightspeed.ably.io,Lightspeed Systems,filtering,Known patched/failsafe behavior; see README.,,
block,canopy.us,canopy.us,General Parental Control,parental-control,,,
block,catchon.com,catchon.com,Lightspeed Systems,filtering,Known patched/failsafe behavior; see README.,,
block,cipafilter.com,cipafilter.com,Linewize / Qoria / FamilyZone / Sphirewall,filtering,,,
block,ck-express.com,ck-express.com,Ativion Software,monitoring,,,
block,clevguard.com,clevguard.com,ClevGuard / KidsGuard,parental-control,,,
block,clevguard.org,clevguard.org,ClevGuard / KidsGuard,parental-control,,,
block,contentkeeper.com,contentkeeper.com,Ativion Software,monitoring,,,
block,contentkeeper.io,contentkeeper.io,Ativion Software,monitoring,,,
block,contentkeeper.net,contentkeeper.net,Ativion Software,monitoring,,,
block,contentwatch.com,contentwatch.com,General Parental Control,parental-control,,,
block,custodio.com,custodio.com,Linewize / Qoria / FamilyZone / Sphirewall,filtering,,,
block,deepfreeze.com,deepfreeze.com,Faronics,monitoring,,,
block,deledao.com,deledao.com,Deledao,filtering,,,
block,deledao.net,deledao.net,Deledao,filtering,,,
block,discovenger.com,discovenger.com,General Parental Control,parental-control,,,
block,dldschool.org,dldschool.org,Deledao,filtering,,,
block,dyknow-data-prd.s3.amazonaws.com,dyknow-data-prd.s3.amazonaws.com,DyKnow,monitoring,,,
block,dyknow.com,dyknow.com,DyKnow,monitoring,,,
block,educatorimpact.com,educatorimpact.com,Pulse (and related services: EducatorImpact),monitoring,,,
block,eipulse.zendesk.com,eipulse.zendesk.com,Pulse (and related services: EducatorImpact),monitoring,,,
block,eyezy.com,eyezy.com,Eyezy,parental-control,,,
block,family.microsoft.com,family.microsoft.com,Microsoft Family Safety,parental-control,,,
block,familyorbit.com,familyorbit.com,FamilyOrbit,parental-control,,,
block,familyorbit.net,familyorbit.net,FamilyOrbit,parental-control,,,
block,familysafetyproduction.com,familysafetyproduction.com,Life360,parental-control,,,
block,familyzone.com,familyzone.com,Linewize / Qoria / FamilyZone / Sphirewall,filtering,,,
block,familyzone.com.au,familyzone.com.au,Linewize / Qoria / FamilyZone / Sphirewall,filtering,,,
block,familyzone.io,familyzone.io,Linewize / Qoria / FamilyZone / Sphirewall,filtering,,,
block,familyzone.tools,familyzone.tools,Linewize / Qoria / FamilyZone / Sphirewall,filtering,,,
block,famisafe-b6807.firebaseio.com,famisafe-b6807.firebaseio.com,FamiSafe,parental-control,,,
block,famisafe.com,famisafe.com,FamiSafe,parental-control,,,
block,famisafe.wondershare.com,famisafe.wondershare.com,FamiSafe,parental-control,,,
block,famisafeapp.wondershare.com,famisafeapp.wondershare.com,FamiSafe,parental-control,,,
block,faronics.com,faronics.com,Faronics,monitoring,,,
block,faronicsdeploy.com,faronicsdeploy.com,Faronics,monitoring,,,
block,fastvue.co,fastvue.co,Ativion Software,monitoring,,,
block,findmychilds.org,findmychilds.org,Findmykids,parental-control,,,
block,findmykids.org,findmykids.org,Findmykids,parental-control,,,
block,flexispy.com,flexispy.com,General Parental Control,parental-control,,,
block,forticlient.com,forticlient.com,Fortinet / FortiGuard,filtering,,,
block,forticloud.com,forticloud.com,Fortinet / FortiGuard,filtering,,,
block,fortiguard.com,fortiguard.com,Fortinet / FortiGuard,filtering,,,
block,fortinet.com,fortinet.com,Fortinet / FortiGuard,filtering,,,
block,fzbox.tools,fzbox.tools,Linewize / Qoria / FamilyZone / Sphirewall,filtering,,,
block,gaggle.net,gaggle.net,Gaggle,monitoring,,,
block,gaggle.services,gaggle.services,Gaggle,monitoring,,,
block,geozilla.autosmartins.com,geozilla.autosmartins.com,Geozilla,parental-control,,,
block,geozilla.com,geozilla.com,Geozilla,parental-control,,,
block,geozillafamily-c92d0.firebaseio.com,geozillafamily-c92d0.firebaseio.com,Geozilla,parental-control,,,
block,geozillafamily.firebaseio.com,geozillafamily.firebaseio.com,Geozilla,parental-control,,,
block,goguardian.com,goguardian.com,GoGuardian,monitoring,Known patched/failsafe behavior; see README.,,
block,gopher-buddy-prod.appspot.com,gopher-buddy-prod.appspot.com,Gopher,device-management,,,
block,gopherforchrome.app,gopherforchrome.app,Gopher,device-management,,,
block,hapara.com,hapara.com,Hapara,monitoring,,,
block,haparaview.appspot.com,haparaview.appspot.com,Hapara,monitoring,,,
block,hitmanpro.com,hitmanpro.com,Sophos,filtering,,,
block,home.tools,home.tools,Linewize / Qoria / FamilyZone / Sphirewall,filtering,,,
block,hosted-extensions.s3.us-west-2.amazonaws.com,hosted-extensions.s3.us-west-2.amazonaws.com,GoGuardian,monitoring,Known patched/failsafe behavior; see README.,,
block,hoverwatch.com,hoverwatch.com,General Parental Control,parental-control,,,
block,iboss.com,iboss.com,iboss,filtering,,,
block,iboss.si,iboss.si,iboss,filtering,,,
block,ibosscloud.com,ibosscloud.com,iboss,filtering,,,
block,impero.com,impero.com,Ativion Software,monitoring,,,
block,imperosoftware.co.uk,imperosoftware.co.uk,Ativion Software,monitoring,,,
block,imperosoftware.com,imperosoftware.com,Ativion Software,monitoring,,,
block,jamf.com,jamf.com,MDM Infrastructure (Jamf / Mosyle),device-management,,,
block,jamfcloud.com,jamfcloud.com,MDM Infrastructure (Jamf / Mosyle),device-management,,,
block,jamfschool.com,jamfschool.com,MDM Infrastructure (Jamf / Mosyle),device-management,,,
block,jiobit.com,jiobit.com,Life360,parental-control,,,
block,kdlparentalcontrol.com,kdlparentalcontrol.com,Kidslox,parental-control,,,
block,kiddoware.com,kiddoware.com,General Parental Control,parental-control,,,
block,kidgy.com,kidgy.com,General Parental Control,parental-control,,,
block,kidlogger.net,kidlogger.net,General Parental Control,parental-control,,,
block,kidslox.com,kidslox.com,Kidslox,parental-control,,,
block,kidslox.firebaseio.com,kidslox.firebaseio.com,Kidslox,parental-control,,,
block,kidslox.page.link,kidslox.page.link,Kidslox,parental-control,,,
block,kidsmanagement-pa.clients6.google.com,kidsmanagement-pa.clients6.google.com,Google Family Link,parental-control,Conservative partial coverage to reduce overlap risk,,
block,kidsmanagement-pa.googleapis.com,kidsmanagement-pa.googleapis.com,Google Family Link,parental-control,Conservative partial coverage to reduce overlap risk,,
block,l5c.io,l5c.io,Lightspeed Systems,filtering,Known patched/failsafe behavior; see README.,,
block,lanschool.com,lanschool.com,LanSchool (All Regions),monitoring,,,
block,lanschoolair.com,lanschoolair.com,LanSchool (All Regions),monitoring,,,
block,laptoplookout.com,laptoplookout.com,GoGuardian,monitoring,Known patched/failsafe behavior; see README.,,
block,launchdarkly.com,launchdarkly.com,MDM Infrastructure (Jamf / Mosyle),device-management,,,
block,learnsafe.com,learnsafe.com,LearnSafe,monitoring,,,
block,lenovosoftware.com,lenovosoftware.com,LanSchool (All Regions),monitoring,,,
block,lf360.co,lf360.co,Life360,parental-control,,,
block,lgfl.net,lgfl.net,LGFL / Senso,monitoring,,,
block,lgfl.org.uk,lgfl.org.uk,LGFL / Senso,monitoring,,,
block,life360-com-l360safetycenter.firebaseio.com,life360-com-l360safetycenter.firebaseio.com,Life360,parental-control,,,
block,life360-dev.tile-api.com,life360-dev.tile-api.com,Life360,parental-control,,,
block,life360-img.s3.amazonaws.com,life360-img.s3.amazonaws.com,Life360,parental-control,,,
block,life360-location-dev.tile-api.com,life360-location-dev.tile-api.com,Life360,parental-control,,,
block,life360-wordpress.s3.amazonaws.com,life360-wordpress.s3.amazonaws.com,Life360,parental-control,,,
block,life360.atlassian.net,life360.atlassian.net,Life360,parental-control,,,
block,life360.com,life360.com,Life360,parental-control,,,
block,life360.pubnub.com,life360.pubnub.com,Life360,parental-control,,,
block,life360feedback.typeform.com,life360feedback.typeform.com,Life360,parental-control,,,
block,lightspeed-a-fallback.ably-realtime.com,lightspeed-a-fallback.ably-realtime.com,Lightspeed Systems,filtering,Known patched/failsafe behavior; see README.,,
block,lightspeed-apps.s3.amazonaws.com,lightspeed-apps.s3.amazonaws.com,Lightspeed Systems,filtering,Known patched/failsafe behavior; see README.,,
block,lightspeed-b-fallback.ably-realtime.com,lightspeed-b-fallback.ably-realtime.com,Lightspeed Systems,filtering,Known patched/failsafe behavior; see README.,,
block,lightspeed-c-fallback.ably-realtime.com,lightspeed-c-fallback.ably-realtime.com,Lightspeed Systems,filtering,Known patched/failsafe behavior; see README.,,
block,lightspeed-d-fallback.ably-realtime.com,lightspeed-d-fallback.ably-realtime.com,Lightspeed Systems,filtering,Known patched/failsafe behavior; see README.,,
block,lightspeed-e-fallback.ably-realtime.com,lightspeed-e-fallback.ably-realtime.com,Lightspeed Systems,filtering,Known patched/failsafe behavior; see README.,,
block,lightspeed-realtime.ably.io,lightspeed-realtime.ably.io,Lightspeed Systems,filtering,Known patched/failsafe behavior; see README.,,
block,lightspeed-rest.ably.io,lightspeed-rest.ably.io,Lightspeed Systems,filtering,Known patched/failsafe behavior; see README.,,
block,lightspeedsystems.app,lightspeedsystems.app,Lightspeed Systems,filtering,Known patched/failsafe behavior; see README.,,
block,lightspeedsystems.com,lightspeedsystems.com,Lightspeed Systems,filtering,Known patched/failsafe behavior; see README.,,
block,linewize.com,linewize.com,Linewize / Qoria / FamilyZone / Sphirewall,filtering,,,
block,linewize.io,linewize.io,Linewize / Qoria / FamilyZone / Sphirewall,filtering,,,
block,linewize.net,linewize.net,Linewize / Qoria / FamilyZone / Sphirewall,filtering,,,
block,linewizereseller.net,linewizereseller.net,Linewize / Qoria / FamilyZone / Sphirewall,filtering,,,
block,lockittight.com,lockittight.com,General Parental Control,parental-control,,,
block,ls-papi.com,ls-papi.com,Lightspeed Systems,filtering,Known patched/failsafe behavior; see README.,,
block,ls-pki.css-security.com,ls-pki.css-security.com,Lightspeed Systems,filtering,Known patched/failsafe behavior; see README.,,
block,ls101cms.csspki.com,ls101cms.csspki.com,Lightspeed Systems,filtering,Known patched/failsafe behavior; see README.,,
block,lsaccess.com,lsaccess.com,Lightspeed Systems,filtering,Known patched/failsafe behavior; see README.,,
block,lsaccess.me,lsaccess.me,Lightspeed Systems,filtering,Known patched/failsafe behavior; see README.,,
block,lsagent.fcps.org,lsagent.fcps.org,Lightspeed Systems,filtering,Known patched/failsafe behavior; see README.,,
block,lsair.app,lsair.app,LanSchool (All Regions),monitoring,,,
block,lsclassroom.com,lsclassroom.com,Lightspeed Systems,filtering,Known patched/failsafe behavior; see README.,,
block,lsfilter.com,lsfilter.com,Lightspeed Systems,filtering,Known patched/failsafe behavior; see README.,,
block,lsmdm-production.s3.amazonaws.com,lsmdm-production.s3.amazonaws.com,Lightspeed Systems,filtering,Known patched/failsafe behavior; see README.,,
block,lsmdm.com,lsmdm.com,Lightspeed Systems,filtering,Known patched/failsafe behavior; see README.,,
block,lsrelay-config-production.s3.amazonaws.com,lsrelay-config-production.s3.amazonaws.com,Lightspeed Systems,filtering,Known patched/failsafe behavior; see README.,,
block,lsrelay-extensions-production.s3.amazonaws.com,lsrelay-extensions-production.s3.amazonaws.com,Lightspeed Systems,filtering,Known patched/failsafe behavior; see README.,,
block,lsrelayaccess.com,lsrelayaccess.com,Lightspeed Systems,filtering,Known patched/failsafe behavior; see README.,,
block,lsurl.me,lsurl.me,Lightspeed Systems,filtering,Known patched/failsafe behavior; see README.,,
block,managedmethods.com,managedmethods.com,ManagedMethods,filtering,,,
block,meetcircle-blue.com,meetcircle-blue.com,Circle,parental-control,,,
block,meetcircle-netgear.co,meetcircle-netgear.co,Circle,parental-control,,,
block,meetcircle-sky.co,meetcircle-sky.co,Circle,parental-control,,,
block,meetcircle.com,meetcircle.com,Circle,parental-control,,,
block,mmguardian.com,mmguardian.com,General Parental Control,parental-control,,,
block,mobicip.com,mobicip.com,General Parental Control,parental-control,,,
block,mobileguardian.com,mobileguardian.com,General Parental Control,parental-control,,,
block,mosyle.com,mosyle.com,MDM Infrastructure (Jamf / Mosyle),device-management,,,
block,mosyle.net,mosyle.net,MDM Infrastructure (Jamf / Mosyle),device-management,,,
block,mspy-app.co,mspy-app.co,mSpy,parental-control,,,
block,mspy.com,mspy.com,mSpy,parental-control,,,
block,mspyonline.com,mspyonline.com,mSpy,parental-control,,,
block,myiboss.net,myiboss.net,iboss,filtering,,,
block,net-ref.com,net-ref.com,Linewize / Qoria / FamilyZone / Sphirewall,filtering,,,
block,netnanny.com,netnanny.com,General Parental Control,parental-control,,,
block,netop.cn,netop.cn,Ativion Software,monitoring,,,
block,netop.com,netop.com,Ativion Software,monitoring,,,
block,netsupportdna.com,netsupportdna.com,NetSupport,monitoring,,,
block,netsupportschool.com,netsupportschool.com,NetSupport,monitoring,,,
block,netsupportsoftware.com,netsupportsoftware.com,NetSupport,monitoring,,,
block,netsweeper.com,netsweeper.com,LGFL / Senso,monitoring,,,
block,ourpact.com,ourpact.com,General Parental Control,parental-control,,,
block,p7nvu5it0k.execute-api.us-west-2.amazonaws.com,p7nvu5it0k.execute-api.us-west-2.amazonaws.com,Lightspeed Systems,filtering,Known patched/failsafe behavior; see README.,,
allow,pass.securly.com,pass.securly.com,Securly,filtering,Known patched/failsafe behavior; see README.,,
block,q12z.net,q12z.net,Eyezy,parental-control,,,
block,qoria-api.cloud,qoria-api.cloud,Linewize / Qoria / FamilyZone / Sphirewall,filtering,,,
block,qoria.cloud,qoria.cloud,Linewize / Qoria / FamilyZone / Sphirewall,filtering,,,
block,qoria.com,qoria.com,Linewize / Qoria / FamilyZone / Sphirewall,filtering,,,
block,qoriaapis.cloud,qoriaapis.cloud,Linewize / Qoria / FamilyZone / Sphirewall,filtering,,,
block,qustodio.app,qustodio.app,Linewize / Qoria / FamilyZone / Sphirewall,filtering,,,
block,qustodio.com,qustodio.com,Linewize / Qoria / FamilyZone / Sphirewall,filtering,,,
block,qustodio.es,qustodio.es,Linewize / Qoria / FamilyZone / Sphirewall,filtering,,,
block,qustodio.net,qustodio.net,Linewize / Qoria / FamilyZone / Sphirewall,filtering,,,
block,qustodio.org,qustodio.org,Linewize / Qoria / FamilyZone / Sphirewall,filtering,,,
block,radix-int.com,radix-int.com,Radix VISO,device-management,,,
block,relay.school,relay.school,Lightspeed Systems,filtering,Known patched/failsafe behavior; see README.,,
block,safehomeschool.net,safehomeschool.net,LGFL / Senso,monitoring,,,
block,safenet.family,safenet.family,General Parental Control,parental-control,,,
block,screentimelabs.com,screentimelabs.com,General Parental Control,parental-control,,,
block,securly.com,securly.com,Securly,filtering,Known patched/failsafe behavior; see README.,,
block,seekdroid.com,seekdroid.com,General Parental Control,parental-control,,,
block,senso.cloud,senso.cloud,LGFL / Senso,monitoring,,,
block,sensoeugeneral.blob.core.windows.net,sensoeugeneral.blob.core.windows.net,LGFL / Senso,monitoring,,,
block,sensoeustorage.blob.core.windows.net,sensoeustorage.blob.core.windows.net,LGFL / Senso,monitoring,,,
block,sensologarchivestorage.blob.core.windows.net,sensologarchivestorage.blob.core.windows.net,LGFL / Senso,monitoring,,,
block,sensologcapturesprodau01.blob.core.windows.net,sensologcapturesprodau01.blob.core.windows.net,LGFL / Senso,monitoring,,,
block,sensologcapturesprodeu01.blob.core.windows.net,sensologcapturesprodeu01.blob.core.windows.net,LGFL / Senso,monitoring,,,
block,sensologcapturesprodeu02.blob.core.windows.net,sensologcapturesprodeu02.blob.core.windows.net,LGFL / Senso,monitoring,,,
block,sensologcapturesprodeu03.blob.core.windows.net,sensologcapturesprodeu03.blob.core.windows.net,LGFL / Senso,monitoring,,,
block,sensologcapturesprodeu04.blob.core.windows.net,sensologcapturesprodeu04.blob.core.windows.net,LGFL / Senso,monitoring,,,
block,sensologcapturesprodeu05.blob.core.windows.net,sensologcapturesprodeu05.blob.core.windows.net,LGFL / Senso,monitoring,,,
block,sensologcapturesprodna01.blob.core.windows.net,sensologcapturesprodna01.blob.core.windows.net,LGFL / Senso,monitoring,,,
block,sensologcapturesprodna02.blob.core.windows.net,sensologcapturesprodna02.blob.core.windows.net,LGFL / Senso,monitoring,,,
block,sensologcapturesprodna03.blob.core.windows.net,sensologcapturesprodna03.blob.core.windows.net,LGFL / Senso,monitoring,,,
block,sensologcapturesprodna04.blob.core.windows.net,sensologcapturesprodna04.blob.core.windows.net,LGFL / Senso,monitoring,,,
block,sensologrulesetsprodau01.blob.core.windows.net,sensologrulesetsprodau01.blob.core.windows.net,LGFL / Senso,monitoring,,,
block,sensologrulesetsprodeu01.blob.core.windows.net,sensologrulesetsprodeu01.blob.core.windows.net,LGFL / Senso,monitoring,,,
block,sensologrulesetsprodeu02.blob.core.windows.net,sensologrulesetsprodeu02.blob.core.windows.net,LGFL / Senso,monitoring,,,
block,sensologrulesetsprodeu03.blob.core.windows.net,sensologrulesetsprodeu03.blob.core.windows.net,LGFL / Senso,monitoring,,,
block,sensologrulesetsprodeu04.blob.core.windows.net,sensologrulesetsprodeu04.blob.core.windows.net,LGFL / Senso,monitoring,,,
block,sensologrulesetsprodeu05.blob.core.windows.net,sensologrulesetsprodeu05.blob.core.windows.net,LGFL / Senso,monitoring,,,
block,sensologrulesetsprodna01.blob.core.windows.net,sensologrulesetsprodna01.blob.core.windows.net,LGFL / Senso,monitoring,,,
block,sensologrulesetsprodna02.blob.core.windows.net,sensologrulesetsprodna02.blob.core.windows.net,LGFL / Senso,monitoring,,,
block,sensologrulesetsprodna03.blob.core.windows.net,sensologrulesetsprodna03.blob.core.windows.net,LGFL / Senso,monitoring,,,
block,sensologrulesetsprodna04.blob.core.windows.net,sensologrulesetsprodna04.blob.core.windows.net,LGFL / Senso,monitoring,,,
block,sensomoduleprodeu.blob.core.windows.net,sensomoduleprodeu.blob.core.windows.net,LGFL / Senso,monitoring,,,
block,sensomoduleprodna.blob.core.windows.net,sensomoduleprodna.blob.core.windows.net,LGFL / Senso,monitoring,,,
block,sensonotificprodau01.blob.core.windows.net,sensonotificprodau01.blob.core.windows.net,LGFL / Senso,monitoring,,,
block,sensonotificprodeu01.blob.core.windows.net,sensonotificprodeu01.blob.core.windows.net,LGFL / Senso,monitoring,,,
block,sensonotificprodeu02.blob.core.windows.net,sensonotificprodeu02.blob.core.windows.net,LGFL / Senso,monitoring,,,
block,sensonotificprodeu03.blob.core.windows.net,sensonotificprodeu03.blob.core.windows.net,LGFL / Senso,monitoring,,,
block,sensonotificprodeu04.blob.core.windows.net,sensonotificprodeu04.blob.core.windows.net,LGFL / Senso,monitoring,,,
block,sensonotificprodeu05.blob.core.windows.net,sensonotificprodeu05.blob.core.windows.net,LGFL / Senso,monitoring,,,
block,sensonotificprodna01.blob.core.windows.net,sensonotificprodna01.blob.core.windows.net,LGFL / Senso,monitoring,,,
block,sensonotificprodna02.blob.core.windows.net,sensonotificprodna02.blob.core.windows.net,LGFL / Senso,monitoring,,,
block,sensonotificprodna03.blob.core.windows.net,sensonotificprodna03.blob.core.windows.net,LGFL / Senso,monitoring,,,
block,sensonotificprodna04.blob.core.windows.net,sensonotificprodna04.blob.core.windows.net,LGFL / Senso,monitoring,,,
block,sensoportmodstorprodeu02.blob.core.windows.net,sensoportmodstorprodeu02.blob.core.windows.net,LGFL / Senso,monitoring,,,
block,sensoportmodstorprodeu03.blob.core.windows.net,sensoportmodstorprodeu03.blob.core.windows.net,LGFL / Senso,monitoring,,,
block,sensoportmodstorprodeu04.blob.core.windows.net,sensoportmodstorprodeu04.blob.core.windows.net,LGFL / Senso,monitoring,,,
block,sensoportmodstorprodeu05.blob.core.windows.net,sensoportmodstorprodeu05.blob.core.windows.net,LGFL / Senso,monitoring,,,
block,sensoportmodulestoreau01.blob.core.windows.net,sensoportmodulestoreau01.blob.core.windows.net,LGFL / Senso,monitoring,,,
block,sensoportmodulestoreeu01.blob.core.windows.net,sensoportmodulestoreeu01.blob.core.windows.net,LGFL / Senso,monitoring,,,
block,sensoportmodulestorena01.blob.core.windows.net,sensoportmodulestorena01.blob.core.windows.net,LGFL / Senso,monitoring,,,
block,sensoportmodulestorena02.blob.core.windows.net,sensoportmodulestorena02.blob.core.windows.net,LGFL / Senso,monitoring,,,
block,sensoportmodulestorena03.blob.core.windows.net,sensoportmodulestorena03.blob.core.windows.net,LGFL / Senso,monitoring,,,
block,sensoportmodulestorena04.blob.core.windows.net,sensoportmodulestorena04.blob.core.windows.net,LGFL / Senso,monitoring,,,
block,sensoservicedeskprodau01.blob.core.windows.net,sensoservicedeskprodau01.blob.core.windows.net,LGFL / Senso,monitoring,,,
block,sensoservicedeskprodeu01.blob.core.windows.net,sensoservicedeskprodeu01.blob.core.windows.net,LGFL / Senso,monitoring,,,
block,sensoservicedeskprodeu02.blob.core.windows.net,sensoservicedeskprodeu02.blob.core.windows.net,LGFL / Senso,monitoring,,,
block,sensoservicedeskprodeu03.blob.core.windows.net,sensoservicedeskprodeu03.blob.core.windows.net,LGFL / Senso,monitoring,,,
block,sensoservicedeskprodeu04.blob.core.windows.net,sensoservicedeskprodeu04.blob.core.windows.net,LGFL / Senso,monitoring,,,
block,sensoservicedeskprodeu05.blob.core.windows.net,sensoservicedeskprodeu05.blob.core.windows.net,LGFL / Senso,monitoring,,,
block,sensoservicedeskprodna01.blob.core.windows.net,sensoservicedeskprodna01.blob.core.windows.net,LGFL / Senso,monitoring,,,
block,sensoservicedeskprodna02.blob.core.windows.net,sensoservicedeskprodna02.blob.core.windows.net,LGFL / Senso,monitoring,,,
block,sensoservicedeskprodna03.blob.core.windows.net,sensoservicedeskprodna03.blob.core.windows.net,LGFL / Senso,monitoring,,,
block,sensoservicedeskprodna04.blob.core.windows.net,sensoservicedeskprodna04.blob.core.windows.net,LGFL / Senso,monitoring,,,
block,sentry.pub.jamf.build,sentry.pub.jamf.build,MDM Infrastructure (Jamf / Mosyle),device-management,,,
block,sgtlabs.com,sgtlabs.com,AristotleK12,monitoring,,,
block,smoothwall.cachefly.net,smoothwall.cachefly.net,Smoothwall,filtering,,,
block,smoothwall.cloud,smoothwall.cloud,Smoothwall,filtering,,,
block,smoothwall.com,smoothwall.com,Smoothwall,filtering,,,
block,sophos.com,sophos.com,Sophos,filtering,,,
block,sophosupd.com,sophosupd.com,Sophos,filtering,,,
block,sophosupd.net,sophosupd.net,Sophos,filtering,,,
block,sophosxl.com,sophosxl.com,Sophos,filtering,,,
block,sophosxl.net,sophosxl.net,Sophos,filtering,,,
block,sphirewall.net,sphirewall.net,Linewize / Qoria / FamilyZone / Sphirewall,filtering,,,
block,spyhuman.com,spyhuman.com,General Parental Control,parental-control,,,
block,spyrix.com,spyrix.com,Spyrix,parental-control,,,
block,spyrix.net,spyrix.net,Spyrix,parental-control,,,
block,spyrix.pro,spyrix.pro,Spyrix,parental-control,,,
block,tabpilot.com,tabpilot.com,Securly,filtering,Known patched/failsafe behavior; see README.,,
block,td-admin.appspot.com,td-admin.appspot.com,Hapara,monitoring,,,
block,td-setup.appspot.com,td-setup.appspot.com,Hapara,monitoring,,,
block,teacherdashboard.com,teacherdashboard.com,Hapara,monitoring,,,
block,troomi.com,troomi.com,General Parental Control,parental-control,,,
block,truple.io,truple.io,General Parental Control,parental-control,,,
block,umobix.com,umobix.com,General Parental Control,parental-control,,,
block,useboomerang.com,useboomerang.com,General Parental Control,parental-control,,,
block,visomdm.com,visomdm.com,Radix VISO,device-management,,,
block,webwatcher.com,webwatcher.com,General Parental Control,parental-control,,,
block,where-is-my-children.firebaseio.com,where-is-my-children.firebaseio.com,Findmykids,parental-control,,,
block,wondershare.cc,wondershare.cc,FamiSafe,parental-control,,,
block,x3-report-uploads.s3.us-west-2.amazonaws.com,x3-report-uploads.s3.us-west-2.amazonaws.com,GoGuardian,monitoring,Known patched/failsafe behavior; see README.,,
block,xnspy.com,xnspy.com,General Parental Control,parental-control,,,
block,zscaler.com,zscaler.com,Zscaler,filtering,,,
block,zscalerone.net,zscalerone.net,Zscaler,filtering,,,
